City_ID,City,Lat,Lng,Max Temp,Humidity,Cloudiness,Wind Speed,Country,Date
0,grytviken,-54.2811,-36.5092,2.18,96,60,0.73,GS,1699738390
1,golfito,8.639,-83.166,26.27,93,100,0.92,CR,1699738882
2,zheleznogorsk-ilimskiy,56.5768,104.1217,-14.24,95,17,1.34,RU,1699738882
3,vorkuta,67.5,64.0,-6.61,97,100,3.83,RU,1699738882
4,miranda,3.2499,-76.2281,30.07,84,85,0.91,CO,1699738883
5,tura,25.5198,90.2201,17.81,88,0,1.74,IN,1699738438
6,naze,28.3667,129.4833,15.51,85,99,7.32,JP,1699738423
7,nova sintra,14.8667,-24.7167,22.87,70,50,4.45,CV,1699738397
8,forster,-32.1667,152.5167,25.77,70,24,2.47,AU,1699738883
9,jamestown,42.097,-79.2353,6.4,75,100,3.6,US,1699738243
10,kasongo,-4.45,26.6667,20.61,90,100,0.73,CD,1699738884
11,strelka,58.0728,93.0344,-5.5,90,100,1.37,RU,1699738420
12,brezina,33.0989,1.2608,16.35,53,8,3.12,DZ,1699738884
13,whitehorse,60.7161,-135.0538,0.01,92,75,3.09,CA,1699738452
14,ewo,-0.8725,14.8206,22.3,94,98,1.66,CG,1699738884
15,puerto natales,-51.7236,-72.4875,6.81,55,75,4.91,CL,1699738295
16,port-aux-francais,-49.35,70.2167,2.92,69,9,7.77,TF,1699738389
17,utrik,11.2278,169.8474,27.45,85,99,8.04,MH,1699738462
18,waitangi,-43.9535,-176.5597,13.23,79,2,4.02,NZ,1699738373
19,boguchany,58.3814,97.4531,-9.07,81,77,0.97,RU,1699738885
20,albany,42.6001,-73.9662,5.65,61,3,4.47,US,1699738323
21,suva,-18.1416,178.4415,23.71,94,75,4.63,FJ,1699738543
22,undurkhaan,47.3194,110.6556,-18.56,92,5,2.02,MN,1699738725
23,iqaluit,63.7506,-68.5145,-10.15,85,75,6.17,CA,1699738430
24,laguna,38.421,-121.4238,23.08,36,0,2.57,US,1699738853
25,'alaqahdari dishu,30.4374,63.313,17.32,34,100,2.79,AF,1699738886
26,saint-philippe,-21.3585,55.7679,22.77,85,28,4.47,RE,1699738411
27,severo-yeniseyskiy,60.3725,93.0408,-6.9,95,100,0.89,RU,1699738805
28,college,64.8569,-147.8028,-9.03,84,75,2.57,US,1699738484
29,badger,64.8,-147.5333,-9.07,87,75,2.57,US,1699738395
30,keflavik,64.0049,-22.5624,3.24,81,75,7.2,IS,1699738633
31,haiku-pauwela,20.9219,-156.3051,28.43,55,40,9.77,US,1699738476
32,broken hill,-31.95,141.4333,19.52,28,24,7.83,AU,1699738724
33,yeppoon,-23.1333,150.7333,21.88,67,90,5.14,AU,1699738887
34,yellowknife,62.456,-114.3525,0.79,99,100,2.06,CA,1699738390
35,madimba,-10.4,40.3333,25.57,88,56,3.59,TZ,1699738887
36,gao,16.6362,1.637,26.67,10,2,5.45,ML,1699738652
37,huarmey,-10.0681,-78.1522,21.94,75,17,5.86,PE,1699738888
38,masterton,-40.9597,175.6575,17.07,56,13,3.86,NZ,1699738888
39,el granada,37.5027,-122.4694,24.37,64,0,6.69,US,1699738850
40,fisterra,42.9049,-9.2629,18.34,89,83,8.31,ES,1699738566
41,margaret river,-33.95,115.0667,11.44,75,43,6.19,AU,1699738440
42,blackmans bay,-43.0167,147.3167,11.07,68,100,0.89,AU,1699738370
43,happy valley-goose bay,53.3168,-60.3315,-2.83,74,75,1.03,CA,1699738544
44,adamstown,-25.066,-130.1015,22.96,81,27,5.96,PN,1699738394
45,iskateley,67.6803,53.1512,-8.88,95,22,3.13,RU,1699738469
46,edinburgh of the seven seas,-37.0676,-12.3116,14.23,84,63,7.91,SH,1699738384
47,itoman,26.1247,127.6694,20.21,100,75,8.23,JP,1699738889
48,mitu,1.1983,-70.1733,24.98,94,81,1.15,CO,1699738889
49,bethel,41.3712,-73.414,10.42,59,100,2.06,US,1699738387
50,invercargill,-46.4,168.35,16.68,56,100,8.05,NZ,1699738290
51,gunjur,13.2019,-16.7339,27.04,74,49,0.0,GM,1699738890
52,nadym,65.5333,72.5167,0.27,98,100,4.84,RU,1699738622
53,bilibino,68.0546,166.4372,-30.65,99,26,2.04,RU,1699738441
54,olonkinbyen,70.9221,-8.7187,1.28,89,93,4.78,SJ,1699738391
55,blythe,33.6103,-114.5964,26.25,11,0,3.09,US,1699738605
56,christchurch,-43.5333,172.6333,21.38,60,78,2.06,NZ,1699738890
57,bredasdorp,-34.5322,20.0403,15.75,80,37,3.71,ZA,1699738409
58,sitka,57.0531,-135.33,4.94,81,75,4.63,US,1699738420
59,chonchi,-42.6128,-73.8092,8.4,81,77,4.59,CL,1699738551
60,la penita de jaltomba,21.0333,-105.25,29.94,72,22,2.07,MX,1699738891
61,kodiak,57.79,-152.4072,2.73,52,100,8.75,US,1699738449
62,barcelona,41.3888,2.159,16.19,85,63,2.38,ES,1699738668
63,edgewater,28.9889,-80.9023,27.28,86,40,2.57,US,1699738892
64,anadyr,64.75,177.4833,-16.72,84,20,3.0,RU,1699738380
65,miranda do douro,41.4969,-6.2731,14.34,92,100,8.25,PT,1699738892
66,fengxiang,47.5833,130.8333,-16.89,88,6,3.56,CN,1699738892
67,viedma,-40.8135,-62.9967,25.87,22,80,11.55,AR,1699738892
68,kowon-up,39.4381,127.2431,-1.76,50,0,1.98,KP,1699738892
69,port mathurin,-19.6833,63.4167,24.92,79,9,1.74,MU,1699738367
70,katsuura,35.1333,140.3,14.17,87,100,5.46,JP,1699738687
71,lerwick,60.1545,-1.1494,5.0,75,100,5.83,GB,1699738893
72,tiksi,71.6872,128.8694,-11.04,91,100,5.43,RU,1699738431
73,lebu,-37.6167,-73.65,10.65,54,24,5.81,CL,1699738311
74,rio grande,-32.035,-52.0986,24.06,89,63,3.69,BR,1699738577
75,tolanaro,-25.0319,46.9987,22.04,68,20,5.14,MG,1699738501
76,kristiansund,63.1115,7.732,2.36,69,75,2.57,NO,1699738894
77,portland,45.5234,-122.6762,13.65,88,100,4.63,US,1699738250
78,lewistown,40.5992,-77.5714,10.41,75,100,0.0,US,1699738894
79,greve,55.5833,12.3,6.8,99,100,0.51,DK,1699738894
80,vila franca do campo,37.7167,-25.4333,21.05,99,10,2.96,PT,1699738894
81,wailua homesteads,22.0669,-159.378,28.24,77,100,5.14,US,1699738479
82,west island,-12.1568,96.8225,25.99,83,99,4.12,CC,1699738529
83,cill airne,52.05,-9.5167,8.39,92,100,7.83,IE,1699738895
84,avarua,-21.2078,-159.775,24.03,83,75,3.6,CK,1699738476
85,remire-montjoly,4.9167,-52.2667,27.36,81,6,6.28,GF,1699738538
86,ushuaia,-54.8,-68.3,6.81,61,40,3.6,AR,1699738327
87,san patricio,28.017,-97.5169,15.97,88,100,3.03,US,1699738483
88,fale old settlement,-9.3852,-171.2468,28.77,74,96,3.0,TK,1699738428
89,ribeira brava,32.65,-17.0667,22.35,80,100,2.53,PT,1699738896
90,kariba,-16.5167,28.8,26.02,49,41,3.56,ZW,1699738896
91,papatowai,-46.5619,169.4708,15.95,48,100,6.96,NZ,1699738461
92,novodvinsk,64.4165,40.8122,-7.34,98,62,1.04,RU,1699738553
93,hammerfest,70.6634,23.6821,-2.75,74,0,1.03,NO,1699738499
94,rongelap,11.1635,166.8941,27.44,82,99,7.58,MH,1699738466
95,port shepstone,-30.7414,30.455,20.54,85,100,8.35,ZA,1699738897
96,ghatanji,20.1333,78.3167,21.93,54,89,1.85,IN,1699738897
97,codrington,-38.2667,141.9667,14.35,53,79,6.43,AU,1699738533
98,alo,7.4178,6.7371,25.71,79,69,2.16,NG,1699738816
99,goondiwindi,-28.55,150.3167,23.21,58,18,5.46,AU,1699738897
100,saipan,15.1355,145.701,28.39,78,40,8.75,MP,1699738450
101,sehwan,26.4279,67.863,21.81,22,0,0.96,PK,1699738898
102,kumeny,58.1089,49.9161,0.11,82,98,3.24,RU,1699738898
103,buka,40.8108,69.1986,10.14,82,98,3.25,UZ,1699738465
104,colonia,50.9333,6.95,6.6,88,40,1.54,DE,1699738492
105,vernon,50.2581,-119.2691,12.34,60,97,5.36,CA,1699738660
106,zarghun shahr,32.8473,68.4457,3.93,38,31,1.46,AF,1699738899
107,tanque verde,32.2517,-110.7373,24.56,26,0,5.36,US,1699738899
108,zhaoyuan,37.3592,120.3964,2.24,74,97,1.98,CN,1699738899
109,tuy hoa,13.0833,109.3,24.52,92,100,2.2,VN,1699738733
110,lompoc,34.6391,-120.4579,28.77,27,0,6.17,US,1699738614
111,touros,-5.1989,-35.4608,25.73,75,4,5.85,BR,1699738505
112,ca mau,9.1769,105.15,25.06,94,62,2.33,VN,1699738899
113,glace bay,46.1969,-59.957,4.32,78,40,4.12,CA,1699738900
114,nar'yan-mar,67.6713,53.087,-8.83,95,19,3.13,RU,1699738812
115,grandview,38.8858,-94.533,13.99,49,100,3.6,US,1699738800
116,rawson,-43.3002,-65.1023,17.53,37,97,16.53,AR,1699738900
117,hovd,48.0056,91.6419,-5.84,98,99,0.66,MN,1699738777
118,sakhnovshchyna,49.1517,35.872,8.7,74,94,9.04,UA,1699738900
119,port elizabeth,-33.918,25.5701,18.51,69,3,3.13,ZA,1699738404
120,east london,-33.0153,27.9116,19.05,74,62,7.47,ZA,1699738543
121,afaahiti,-17.75,-149.2833,29.93,81,80,6.05,PF,1699738499
122,raduzhny,62.0961,77.475,0.49,98,99,3.39,RU,1699738902
123,qamdo,31.1667,97.2333,-4.59,59,83,1.85,CN,1699738430
124,berezovyy,51.6667,135.7,-11.05,57,7,2.52,RU,1699738902
125,nova vicosa,-17.8919,-39.3719,25.64,76,1,7.7,BR,1699738407
126,bugana,7.9992,7.5836,27.18,69,23,2.14,NG,1699738903
127,tahoua,14.8888,5.2692,28.99,16,0,2.06,NE,1699738903
128,al bawiti,28.3492,28.8659,20.63,64,96,0.45,EG,1699738444
129,new norfolk,-42.7826,147.0587,11.72,58,96,2.81,AU,1699738480
130,port alfred,-33.5906,26.891,17.88,85,33,2.24,ZA,1699738528
131,usogorsk,63.4106,48.6872,0.37,96,99,2.05,RU,1699738904
132,bukama,-9.2,25.85,21.21,96,97,1.1,CD,1699738904
133,swakopmund,-22.6833,14.5333,15.66,87,99,2.69,NA,1699738406
134,novomyrhorod,48.7811,31.642,11.37,93,100,6.11,UA,1699738905
135,mejit,10.2753,170.8646,28.08,80,100,7.44,MH,1699738631
136,chabahar,25.2919,60.643,25.49,57,100,1.3,IR,1699738905
137,georgetown,5.4112,100.3354,25.57,97,20,1.03,MY,1699738443
138,port lincoln,-34.7333,135.8667,13.76,64,99,6.55,AU,1699738692
139,juneau,58.3019,-134.4197,4.67,97,100,3.09,US,1699738679
140,mersa matruh,31.3525,27.2453,20.11,77,40,0.0,EG,1699738906
141,kattivakkam,13.2167,80.3167,27.82,73,94,3.84,IN,1699738906
142,udachny,66.4167,112.4,-9.75,85,84,5.65,RU,1699738487
143,malanje,-9.5402,16.341,18.04,97,86,0.64,AO,1699738906
144,hola prystan',46.5206,32.5258,13.58,89,86,6.94,UA,1699738906
145,campo formoso,-10.5075,-40.3214,25.78,34,0,1.69,BR,1699738842
146,ola,59.5833,151.2833,-18.21,82,9,4.71,RU,1699738485
147,yukhnov,54.7444,35.2297,6.32,90,100,5.15,RU,1699738907
148,pathein,16.7833,94.7333,24.29,88,31,1.62,MM,1699738907
149,tazovsky,67.4667,78.7,-4.16,96,100,5.43,RU,1699738640
150,wewak,-3.5534,143.6268,26.97,84,93,2.89,PG,1699738408
151,talnakh,69.4865,88.3972,-6.55,94,100,4.31,RU,1699738501
152,magadan,59.5667,150.8,-18.36,80,2,3.89,RU,1699738607
153,qaqortoq,60.7167,-46.0333,-3.26,70,54,4.11,GL,1699738419
154,stanley,54.868,-1.6985,4.6,95,75,1.03,GB,1699738449
155,kosh-agach,50.0,88.6667,-8.72,94,97,0.45,RU,1699738908
156,newman,37.3138,-121.0208,21.8,37,68,1.34,US,1699738377
157,alice springs,-23.7,133.8833,25.75,57,5,3.6,AU,1699738286
158,klyuchi,52.2667,79.1667,4.2,80,100,5.45,RU,1699738457
159,kurumkan,54.3,110.3,-9.37,71,42,0.45,RU,1699738909
160,port macquarie,-31.4333,152.9167,24.94,69,10,5.24,AU,1699738909
161,hasaki,35.7333,140.8333,10.22,74,100,6.9,JP,1699738569
162,fort st. john,56.2499,-120.8529,4.94,60,75,5.66,CA,1699738909
163,pattaya,12.9333,100.8833,28.3,82,100,1.48,TH,1699738729
164,el porvenir,13.7617,-87.3458,27.63,80,71,2.0,HN,1699738667
165,prince albert,53.2001,-105.7677,2.97,65,75,6.17,CA,1699738910
166,mogok,22.9167,96.5,14.78,87,0,0.65,MM,1699738910
167,hawaiian paradise park,19.5933,-154.9731,24.85,88,100,3.6,US,1699738398
168,smithers,54.7804,-127.1743,4.18,81,100,1.54,CA,1699738910
169,la passe,45.5549,-0.8967,14.99,95,100,10.13,FR,1699738436
170,constantia,44.1833,28.65,9.38,63,51,11.99,RO,1699738294
171,kununurra,-15.7667,128.7333,23.99,94,40,2.57,AU,1699738690
172,cidreira,-30.1811,-50.2056,22.18,90,100,4.37,BR,1699738595
173,kavaratti,10.5669,72.642,28.79,71,99,1.54,IN,1699738911
174,ciudad bolivar,8.1222,-63.5497,31.78,45,51,2.45,VE,1699738911
175,corinth,37.9407,22.9573,16.61,74,77,3.01,GR,1699738911
176,klina,42.6217,20.5778,9.75,78,0,1.1,XK,1699738912
177,sihanoukville,10.6093,103.5296,25.97,89,40,1.54,KH,1699738912
178,antofagasta,-23.65,-70.4,18.6,71,22,4.43,CL,1699738332
179,choma,-16.8065,26.9531,21.14,32,23,1.51,ZM,1699738912
180,hermanus,-34.4187,19.2345,16.23,80,65,4.09,ZA,1699738435
181,princeville,45.7668,-61.2985,4.06,93,100,1.54,CA,1699738913
182,ornskoldsvik,63.2909,18.7153,-1.47,86,100,5.14,SE,1699738913
183,vilyuchinsk,52.9306,158.4028,1.15,72,58,17.59,RU,1699738443
184,polyarnyy,69.1989,33.4478,-5.71,93,92,2.6,RU,1699738530
185,cuddalore,11.75,79.75,26.72,72,100,4.86,IN,1699738913
186,arar,30.9753,41.0381,20.01,24,0,4.12,SA,1699738913
187,cockburn town,21.4612,-71.1419,28.24,74,90,10.02,TC,1699738499
188,quang ngai,15.1167,108.8,23.62,92,9,1.96,VN,1699738914
189,jean-rabel,19.8533,-73.1917,28.91,68,38,7.65,HT,1699738914
190,santa cruz,-17.8,-63.1667,36.7,43,20,10.29,BO,1699738796
191,fort-shevchenko,44.5086,50.263,8.99,64,18,5.77,KZ,1699738914
192,cabo san lucas,22.8909,-109.9124,30.84,57,0,5.14,MX,1699738205
193,vanimo,-2.6741,141.3028,26.48,89,100,2.18,PG,1699738732
194,cuneo,44.3973,7.5445,6.95,73,41,2.57,IT,1699738915
195,spas-klepiki,55.1347,40.1767,4.96,87,100,3.61,RU,1699738915
196,carnarvon,-24.8667,113.6333,21.31,76,90,5.39,AU,1699738542
197,arteche,12.2645,125.4048,26.15,86,70,1.7,PH,1699738915
198,sittwe,20.15,92.9,22.45,82,5,2.75,MM,1699738915
199,nagqu,31.5,92.0,-5.42,61,100,5.41,CN,1699738737
200,quiberon,47.4841,-3.1196,15.6,94,100,9.83,FR,1699738916
201,tifton,31.4505,-83.5085,15.84,94,100,3.09,US,1699738668
202,petropavlovsk-kamchatsky,53.0452,158.6483,0.33,98,20,8.0,RU,1699738493
203,atar,20.5169,-13.0499,24.98,16,29,3.06,MR,1699738916
204,vohenstrauss,49.6238,12.3381,3.34,91,99,3.72,DE,1699738916
205,chibougamau,49.9168,-74.3659,-4.21,80,100,2.57,CA,1699738862
206,isafjordur,66.0755,-23.124,1.29,87,100,2.34,IS,1699738403
207,leninskoye,41.7589,69.3864,7.3,82,100,5.55,KZ,1699738746
208,kabalo,-6.05,26.9167,20.74,97,98,0.11,CD,1699738917
209,pandan,14.0453,124.1694,26.86,81,98,3.11,PH,1699738917
210,thompson,55.7435,-97.8558,2.09,75,75,3.6,CA,1699738576
211,fagersta,60.0042,15.7932,3.25,96,100,3.6,SE,1699738918
212,al matlin,37.2452,10.05,18.77,70,95,8.82,TN,1699738918
213,lashio,22.9333,97.75,15.1,98,13,0.81,MM,1699738918
214,vadso,70.0744,29.7487,-1.91,86,75,4.12,NO,1699738776
215,longyearbyen,78.2186,15.6401,-2.09,64,75,5.66,SJ,1699738353
216,tendo,38.3536,140.3697,4.48,82,78,0.36,JP,1699738918
217,santa eularia des riu,38.9846,1.5341,22.23,62,0,8.23,ES,1699738919
218,san pedro pochutla,15.7333,-96.4667,32.84,61,24,2.9,MX,1699738919
219,birjand,32.8663,59.2211,8.26,42,0,4.12,IR,1699738919
220,bol'shoy kamen',43.1225,132.3583,-7.35,60,3,5.71,RU,1699738919
221,hadibu,12.65,54.0333,26.53,86,100,6.07,YE,1699738550
222,enewetak,11.3474,162.3373,28.25,76,74,6.65,MH,1699738483
223,weno,7.4515,151.8468,27.97,89,75,2.06,FM,1699738606
224,atafu village,-8.5421,-172.5159,28.82,75,51,3.53,TK,1699738491
225,buritis,-15.6178,-46.4233,31.52,26,89,0.87,BR,1699738920
226,ribeira grande,38.5167,-28.7,20.22,94,75,8.05,PT,1699738482
227,bahawalpur,29.4,71.6833,19.47,49,0,1.18,PK,1699738920
228,puerto ayora,-0.7393,-90.3518,28.98,87,78,4.02,EC,1699738411
229,pula,44.8683,13.8481,5.31,93,21,2.06,HR,1699738920
230,lagoa,39.05,-27.9833,19.03,83,100,8.17,PT,1699738783
231,labrador city,52.9463,-66.9114,-5.05,80,100,6.17,CA,1699738640
232,necochea,-38.5473,-58.7368,17.67,64,1,0.28,AR,1699738921
233,alofi,-19.0595,-169.9187,22.94,94,100,8.75,NU,1699738540
234,andergrove,-21.0833,149.1833,24.8,61,51,6.37,AU,1699738922
235,kashmar,35.2383,58.4656,12.61,51,46,2.77,IR,1699738922
236,erenhot,43.6475,111.9767,-9.64,51,5,3.36,CN,1699738922
237,sao felix do xingu,-6.6447,-51.995,26.99,65,91,1.34,BR,1699738634
238,walvis bay,-22.9575,14.5053,17.53,77,97,0.0,NA,1699738922
239,sestri levante,44.2732,9.3968,13.69,77,85,0.45,IT,1699738923
240,dudinka,69.4058,86.1778,-6.32,96,100,4.02,RU,1699738485
241,sao vicente,-23.9631,-46.3919,37.1,54,0,1.54,BR,1699738833
242,tanumah,27.1,44.1333,20.99,29,21,2.83,SA,1699738923
243,palikir - national government center,6.9248,158.1611,26.41,94,100,1.54,FM,1699738696
244,dedovichi,57.5517,29.9502,6.11,90,100,3.21,RU,1699738924
245,paraiso,9.8383,-83.8656,22.95,97,100,1.5,CR,1699738925
246,mimizan,44.2006,-1.2289,18.47,89,100,10.44,FR,1699738925
247,kill devil hills,36.0307,-75.676,14.99,62,100,3.6,US,1699738925
248,dukhovnitskoye,52.4828,48.2137,4.21,87,45,2.87,RU,1699738926
249,san justo,-30.7891,-60.5919,30.55,46,24,3.58,AR,1699738926
250,contamana,-7.3333,-75.0167,35.65,36,55,1.56,PE,1699738926
251,essaouira,31.5125,-9.77,21.72,56,80,2.06,MA,1699738926
252,zheleznodorozhnyy,55.7503,38.0042,4.64,83,100,4.02,RU,1699738704
253,ilulissat,69.2167,-51.1,-6.99,42,100,3.6,GL,1699738418
254,i-n-salah,27.1935,2.4607,23.12,25,0,4.68,DZ,1699738927
255,tazacorte,28.629,-17.9293,21.75,87,100,5.66,ES,1699738927
256,subiaco,41.9254,13.0941,12.22,80,83,1.79,IT,1699738927
257,kirakira,-10.4544,161.9205,26.95,85,100,4.49,SB,1699738736
258,acapulco de juarez,16.8634,-99.8901,29.59,70,6,2.98,MX,1699738806
259,jingdezhen,29.2947,117.2079,11.24,92,100,2.48,CN,1699738928
260,sisimiut,66.9395,-53.6735,-6.53,89,100,5.9,GL,1699738616
261,khorugh,37.4897,71.553,4.21,47,100,1.01,TJ,1699738928
262,presidente prudente,-22.1256,-51.3889,35.75,24,0,1.03,BR,1699738929
263,oodweyne,9.4092,45.064,22.39,66,100,4.78,SO,1699738929
264,thunder bay,48.4001,-89.3168,1.99,87,100,0.0,CA,1699738778
265,pingzhuang,42.0372,119.2889,-10.61,83,21,1.53,CN,1699738929
266,puerto real,36.5282,-6.1901,17.92,94,0,3.6,ES,1699738929
267,la'ie,21.6477,-157.9253,29.98,74,41,4.02,US,1699738930
268,san antonio de pale,-1.4014,5.6325,26.24,83,100,4.98,GQ,1699738385
269,yuzhno-kurilsk,44.0306,145.8556,2.43,80,38,6.63,RU,1699738578
270,ambodifotatra,-16.9833,49.85,25.06,79,96,9.5,MG,1699738930
271,pirapora,-17.345,-44.9419,28.02,33,62,0.94,BR,1699738930
272,tosontsengel,48.7567,98.2839,-23.96,84,42,0.22,MN,1699738931
273,tsiombe,-25.3,45.4833,20.55,68,0,6.59,MG,1699738670
274,klofta,60.0667,11.15,0.82,100,75,3.6,NO,1699738931
275,pangai,-19.8,-174.35,23.06,88,75,8.75,TO,1699738640
276,vorgashor,67.5833,63.95,-6.79,97,100,4.08,RU,1699738491
277,uturoa,-16.7333,-151.4333,27.39,80,96,5.12,PF,1699738493
278,nantucket,41.2835,-70.0995,8.06,65,0,4.12,US,1699738932
279,tual,-5.6667,132.75,27.87,78,83,4.32,ID,1699738594
280,kenai,60.5544,-151.2583,-1.06,97,0,1.54,US,1699738696
281,salinopolis,-0.6136,-47.3561,27.51,75,9,6.43,BR,1699738705
282,lihue,21.9789,-159.3672,28.58,71,100,5.14,US,1699738489
283,la libertad,-2.2333,-80.9,24.81,78,100,3.6,EC,1699738932
284,west bay,19.3667,-81.4167,31.04,80,20,6.17,KY,1699738801
285,kapa'a,22.0752,-159.319,28.99,77,100,5.14,US,1699738613
286,melekeok village,7.4957,134.6367,26.31,89,100,4.12,PW,1699738710
287,cadale,2.7603,46.3222,25.88,86,92,3.05,SO,1699738526
288,kapuskasing,49.4169,-82.4331,-1.95,93,75,3.6,CA,1699738933
289,zapolyarnyy,69.4154,30.8136,-10.4,100,100,1.35,RU,1699738933
290,bardsir,29.9227,56.5743,11.25,27,99,1.0,IR,1699738933
291,bubaque,11.2833,-15.8333,28.65,63,100,3.65,GW,1699738832
292,nyurba,63.2842,118.3319,-11.3,92,79,3.1,RU,1699738934
293,las lomitas,-24.7096,-60.593,43.04,19,81,5.15,AR,1699738934
294,al muwayh,22.4333,41.7583,22.01,30,46,5.21,SA,1699738934
295,moree,-29.4667,149.85,23.49,59,5,6.08,AU,1699738934
296,kirensk,57.7853,108.1119,-12.8,92,33,1.79,RU,1699738934
297,angaur state,6.906,134.13,28.91,73,100,6.73,PW,1699738935
298,monterey,36.2505,-121.2516,23.43,18,70,0.82,US,1699738817
299,gizo,-8.103,156.8419,27.58,74,100,7.25,SB,1699738935
300,bernardo de irigoyen,-26.2552,-53.6458,24.26,82,73,1.74,AR,1699738935
301,ust-nera,64.5667,143.2,-33.5,98,74,1.68,RU,1699738618
302,nakama,33.8167,130.7,13.92,83,100,1.34,JP,1699738935
303,brandon,27.9378,-82.2859,32.18,62,0,3.09,US,1699738565
304,kulhudhuffushi,6.6221,73.07,27.75,76,100,2.26,MV,1699738936
305,brisas barra de suchiate,14.55,-92.2167,32.1,75,9,2.2,MX,1699738936
306,mar del plata,-38.0023,-57.5575,25.01,77,0,3.6,AR,1699738936
307,preobrazheniye,42.9019,133.9064,-5.4,61,0,3.62,RU,1699738936
308,farshut,26.0549,32.1633,27.56,38,100,1.82,EG,1699738937
309,praia da vitoria,38.7333,-27.0667,20.14,83,20,6.97,PT,1699738510
310,lingyuan,41.24,119.4011,-6.98,61,52,1.65,CN,1699738937
311,ciudad lazaro cardenas,17.9583,-102.2,29.01,70,4,3.36,MX,1699738937
312,marksville,31.128,-92.0662,14.47,88,100,3.64,US,1699738937
313,punta arenas,-53.15,-70.9167,8.06,57,0,8.75,CL,1699738600
314,amga,60.8953,131.9608,-10.98,95,100,2.19,RU,1699738938
315,rebrikha,53.0733,82.3408,1.65,89,100,4.29,RU,1699738938
316,iwanai,42.9744,140.5089,0.88,80,100,5.52,JP,1699738763
317,port-vila,-17.7338,168.3219,21.78,94,100,3.6,VU,1699738938
318,nagai,38.1036,140.035,3.83,83,95,0.81,JP,1699738938
319,rosarito,32.3333,-117.0333,29.4,28,0,5.47,MX,1699738607
320,fort bragg,35.139,-79.006,11.92,87,100,2.06,US,1699738421
321,floro,61.5996,5.0328,5.54,75,29,3.6,NO,1699738939
322,dryden,49.7833,-92.7503,-1.84,80,100,3.6,CA,1699738615
323,isangel,-19.55,169.2667,25.06,65,15,4.12,VU,1699738667
324,belmonte,-15.8631,-38.8828,25.32,78,0,5.35,BR,1699738939
325,mohr,54.3528,9.7167,6.09,96,38,2.06,DE,1699738939
326,kruisfontein,-34.0033,24.7314,14.96,76,6,7.43,ZA,1699738523
327,lufilufi,-13.8745,-171.5986,31.88,76,56,5.11,WS,1699738940
328,cassilandia,-19.1133,-51.7342,32.09,18,60,1.64,BR,1699738940
329,miles city,46.4083,-105.8406,12.54,37,0,4.12,US,1699738471
330,hinton,53.4001,-117.5857,3.19,59,100,3.16,CA,1699738941
331,kentau,43.5206,68.5094,5.73,66,33,3.0,KZ,1699738941
332,vila do maio,15.1333,-23.2167,25.44,68,13,4.95,CV,1699738941
333,praia,14.9215,-23.5087,25.3,78,12,6.69,CV,1699738941
334,murashi,59.3999,48.9615,-0.8,93,97,2.49,RU,1699738941
335,burutu,5.3509,5.5076,26.24,85,72,2.95,NG,1699738941
336,laayoune,27.1622,-13.2032,21.19,100,0,7.72,EH,1699738713
337,taroa,8.7058,171.2275,28.23,81,98,6.91,MH,1699738942
338,cururupu,-1.8283,-44.8683,24.94,83,4,1.83,BR,1699738942
339,puerto baquerizo moreno,-0.9,-89.6,27.55,65,40,6.17,EC,1699738691
340,nabire,-3.3667,135.4833,25.5,77,84,2.35,ID,1699738942
341,santa rosalia,27.3167,-112.2833,23.49,35,0,5.23,MX,1699738942
342,santo antonio do ica,-3.1022,-67.9397,29.66,67,100,0.66,BR,1699738943
343,labytnangi,66.6572,66.4183,-9.68,97,72,2.41,RU,1699738943
344,brookings,44.3114,-96.7984,11.81,51,0,4.12,US,1699738819
345,cholpon-ata,42.6494,77.0823,3.03,45,100,0.52,KG,1699738943
346,awjilah,29.1081,21.2869,21.01,44,0,2.71,LY,1699738515
347,dossor,47.5272,52.9811,4.8,69,0,2.3,KZ,1699738944
348,anton lizardo,19.05,-95.9833,29.12,82,1,9.65,MX,1699738944
349,yemetsk,63.4721,41.7941,-1.62,96,95,2.11,RU,1699738944
350,margate,51.3813,1.3862,4.94,72,76,2.13,GB,1699738944
351,mahdia,35.5047,11.0622,19.97,66,37,5.41,TN,1699738556
352,crane,31.3974,-102.3501,14.8,66,85,3.07,US,1699738490
353,tamluk,22.3,87.9167,20.84,65,1,2.61,IN,1699738945
354,gazojak,41.1875,61.4036,7.55,55,0,2.89,TM,1699738945
355,fortuna,40.5982,-124.1573,18.85,61,0,3.09,US,1699738679
356,norfolk,42.1668,-71.2495,8.22,53,2,2.81,US,1699738887
357,gagliano del capo,39.8442,18.3695,16.68,63,23,4.63,IT,1699738945
358,hamilton,39.1834,-84.5333,10.73,51,0,4.12,US,1699738850
359,maceio,-9.6658,-35.7353,25.69,78,20,2.57,BR,1699738733
360,borogontsy,62.6683,131.1683,-21.5,99,100,1.47,RU,1699738689
361,la huacana,18.9667,-101.8167,30.97,55,14,1.81,MX,1699738946
362,sos'va,59.1766,61.8558,1.7,90,100,2.68,RU,1699738946
363,jiwani,25.05,61.7417,25.9,55,68,2.25,PK,1699738946
364,wenchang,30.904,118.4887,8.78,91,100,4.19,CN,1699738947
365,dorado,18.4588,-66.2677,28.94,81,75,5.66,PR,1699738948
366,stjordalshalsen,63.4681,10.9262,-0.64,69,0,5.66,NO,1699738948
367,khandyga,62.6667,135.6,-24.47,99,100,1.32,RU,1699738511
368,ruelle-sur-touvre,45.6833,0.2333,11.71,88,100,7.2,FR,1699738949
369,batticaloa,7.7102,81.6924,26.06,86,100,2.66,LK,1699738949
370,luderitz,-26.6481,15.1594,17.87,59,0,9.86,NA,1699738701
371,queenstown,-31.8976,26.8753,14.01,75,95,3.28,ZA,1699738655
372,tralee,52.2704,-9.7026,8.16,90,100,8.57,IE,1699738603
373,'ain el melh,34.8415,4.1638,13.79,68,1,6.55,DZ,1699738950
374,island harbour,50.724,-1.2758,9.15,90,100,6.02,GB,1699738950
375,coquimbo,-29.9533,-71.3436,17.85,63,0,6.69,CL,1699738720
376,mil'kovo,55.6078,37.7956,4.67,85,100,4.68,RU,1699738951
377,yarega,63.4354,53.5765,-1.74,96,100,3.32,RU,1699738951
378,sao jose da coroa grande,-8.8978,-35.1478,25.24,71,30,3.64,BR,1699738952
379,asau,46.4333,26.4,8.51,86,100,3.09,RO,1699738952
380,scinawa,51.4163,16.4251,6.69,86,100,5.03,PL,1699738952
381,santa terezinha,-29.9002,-50.0904,22.19,91,100,3.91,BR,1699738952
382,sol'-iletsk,51.1631,54.9918,2.3,88,50,4.27,RU,1699738952
383,arraial do cabo,-22.9661,-42.0278,25.98,83,0,6.17,BR,1699738629
384,mokhsogollokh,61.4681,128.9203,-8.76,86,100,4.73,RU,1699738953
385,hernando,28.5419,-82.4582,31.91,56,20,4.63,US,1699738849
386,nguigmi,14.2495,13.1092,28.16,25,99,4.71,NE,1699738953
387,ain leuh,33.2921,-5.3384,12.95,58,6,0.89,MA,1699738953
388,salmon arm,50.6998,-119.3024,12.62,54,100,1.54,CA,1699738954
389,daru,-9.0763,143.2092,25.95,73,100,4.49,PG,1699738954
390,beli,7.8587,10.9719,26.85,66,43,1.68,NG,1699738954
391,solnechnyy,50.7214,136.6319,-15.54,96,56,1.73,RU,1699738954
392,les cayes,18.2,-73.75,27.91,75,0,1.65,HT,1699738954
393,esfarayen,37.0765,57.5101,4.81,65,7,2.34,IR,1699738954
394,sittensen,53.2762,9.5043,7.1,93,100,2.95,DE,1699738955
395,sorong,-0.8833,131.25,26.19,86,100,3.51,ID,1699738955
396,balaklava,44.5,33.6,16.32,61,100,9.71,UA,1699738955
397,gozyeri,40.866,32.5417,13.43,57,100,8.42,TR,1699738955
398,marsh harbour,26.5412,-77.0636,26.69,73,17,5.4,BS,1699738827
399,ancud,-41.8697,-73.8203,8.18,62,42,9.05,CL,1699738464
400,dareda,-4.2167,35.55,16.69,94,87,2.03,TZ,1699738956
401,ushtobe,45.2514,77.9838,8.41,58,100,2.2,KZ,1699738956
402,ulaangom,49.9811,92.0667,-8.84,93,100,1.65,MN,1699738891
403,manchester,53.4809,-2.2374,6.25,88,17,2.06,GB,1699738845
404,gubkinskiy,64.434,76.5026,0.23,96,100,7.7,RU,1699738956
405,hotan,37.0997,79.9269,4.18,36,13,1.6,CN,1699738956
406,tabas,33.5959,56.9244,17.15,33,2,0.59,IR,1699738957
407,nogliki,51.8333,143.1667,-10.37,80,87,6.71,RU,1699738957
408,slatina,44.4333,24.3667,8.02,78,22,11.94,RO,1699738957
409,aimores,-19.4958,-41.0639,28.63,47,18,2.85,BR,1699738957
410,kingston,17.997,-76.7936,30.13,77,36,1.34,JM,1699738348
411,newport,51.5877,-2.9984,8.3,90,100,4.83,GB,1699738707
412,shingu,33.7333,135.9833,13.37,73,100,1.68,JP,1699738788
413,narrabri,-30.3167,149.7833,25.29,54,5,3.58,AU,1699738958
414,chinde,26.8418,88.0763,12.03,70,0,2.21,NP,1699738958
415,road town,18.4167,-64.6167,29.05,74,40,5.14,VG,1699738958
416,isola della scala,45.2722,11.009,7.39,87,30,1.03,IT,1699738959
417,tostado,-29.232,-61.7692,32.21,52,12,0.45,AR,1699738959
418,prince rupert,54.3161,-130.3201,8.05,73,75,7.72,CA,1699738959
419,elliot lake,46.3834,-82.6331,-0.15,78,99,1.11,CA,1699738959
420,malango,-2.9627,119.9001,19.77,96,97,0.79,ID,1699738380
421,rodolfo sanchez taboada,31.7167,-116.5667,21.17,58,0,0.89,MX,1699738960
422,kone,-21.0595,164.8658,24.84,58,34,3.42,NC,1699738555
423,horta,38.5333,-28.6333,19.8,95,75,7.6,PT,1699738960
424,toyooka,35.5333,134.8333,10.83,90,100,2.27,JP,1699738960
425,torquay,50.4638,-3.5143,11.31,83,100,7.6,GB,1699738960
426,huilong,31.8111,121.655,10.72,89,100,8.43,CN,1699738759
427,bela,25.9333,81.9833,20.34,65,0,2.44,IN,1699738961
428,lorengau,-2.0226,147.2712,28.17,75,100,3.79,PG,1699738730
429,burao,9.5221,45.5336,22.41,69,99,3.22,SO,1699738680
430,port augusta,-32.5,137.7667,18.5,46,49,8.83,AU,1699738961
431,joacaba,-27.1781,-51.5047,25.22,80,12,0.74,BR,1699738961
432,bardai,11.65,7.2333,23.58,24,32,2.4,NG,1699738446
433,nizhneangarsk,55.7833,109.55,-6.67,58,37,1.79,RU,1699738962
434,kimbe,-5.5502,150.1429,27.38,68,89,3.22,PG,1699738962
435,metkovic,43.0542,17.6483,5.26,83,27,1.44,HR,1699738962
436,novyy urgal,51.0736,132.5642,-17.6,98,34,0.43,RU,1699738962
437,kurmuk,10.55,34.2833,22.59,78,76,1.18,SD,1699738962
438,choibalsan,48.0667,114.5,-15.49,88,6,4.15,MN,1699738963
439,ingraj bazar,25.0,88.15,20.91,66,0,0.98,IN,1699738963
440,howrah,22.5892,88.3103,22.0,88,0,1.54,IN,1699738796
441,olyokminsk,60.3736,120.4264,-7.26,73,100,5.79,RU,1699738963
442,thaon-les-vosges,48.25,6.4167,5.08,96,82,2.47,FR,1699738963
443,ketchikan,55.3422,-131.6461,7.26,81,75,3.09,US,1699738963
444,inhambane,-23.865,35.3833,22.48,76,0,5.39,MZ,1699738682
445,san matias,-16.3667,-58.4,36.85,29,85,4.26,BO,1699738964
446,karasburg,-28.0167,18.75,17.07,40,0,5.11,NA,1699738964
447,fort mcmurray,56.7268,-111.381,0.77,86,40,5.14,CA,1699738964
448,vilyuysk,63.7553,121.6247,-8.89,90,78,4.47,RU,1699738743
449,zhuanghe,39.7008,122.9911,-3.87,55,0,3.21,CN,1699738964
450,acarau,-2.8856,-40.12,26.1,76,0,7.56,BR,1699738533
451,dolinsk,47.35,142.8,-9.04,88,74,2.29,RU,1699738965
452,buraydah,26.326,43.975,21.25,30,35,3.24,SA,1699738965
453,quimili,-27.6333,-62.4167,35.87,41,0,3.96,AR,1699738965
454,porto novo,6.4965,2.6036,28.9,86,10,3.36,BJ,1699738495
455,jutai,-5.1833,-68.9,29.26,66,96,1.37,BR,1699738965
456,khuzdar,27.7384,66.6434,14.57,15,5,2.72,PK,1699738965
457,basco,20.4487,121.9702,27.46,65,7,5.09,PH,1699738966
458,thurgoona,-36.0451,146.9919,18.14,100,67,0.89,AU,1699738966
459,rabo de peixe,37.8,-25.5833,20.55,99,75,3.09,PT,1699738457
460,ayancik,41.9447,34.5861,21.78,51,100,3.83,TR,1699738966
461,salym,60.0625,71.4789,0.4,99,100,2.01,RU,1699738798
462,barakani,-12.1356,44.4317,26.2,82,95,2.36,KM,1699738966
463,namibe,-15.1961,12.1522,21.12,76,69,1.91,AO,1699738477
464,amungan,15.3652,119.9582,26.13,76,61,2.11,PH,1699738967
465,ukiah,39.1502,-123.2078,22.47,58,0,0.45,US,1699738967
466,aoulef,26.9667,1.0833,24.15,22,0,4.44,DZ,1699738967
467,lushun,38.8,121.2667,-2.88,60,100,6.03,CN,1699738967
468,al jawf,29.5,38.75,23.03,31,98,5.76,SA,1699738427
469,shiyan,32.6475,110.7781,4.07,92,61,2.0,CN,1699738968
470,kudahuvadhoo,2.6708,72.8944,27.88,76,82,2.52,MV,1699738968
471,shakawe,-18.3667,21.85,26.65,28,46,1.73,BW,1699738968
472,puerto rico,-26.796,-55.024,29.0,74,3,1.6,AR,1699738680
473,tarakan,3.3,117.6333,24.72,94,20,1.03,ID,1699738968
474,okhotsk,59.3833,143.3,-20.51,90,3,9.19,RU,1699738968
475,gaoping,30.7758,106.1029,13.15,72,100,6.66,CN,1699738969
476,jebrail,39.3992,47.0283,9.62,77,4,0.87,AZ,1699738969
477,sironj,24.1,77.7,17.31,55,0,2.11,IN,1699738969
478,karaton,-6.3424,106.1045,23.46,92,75,0.96,ID,1699738969
479,kamaishi,39.2667,141.8833,4.98,77,55,1.76,JP,1699738802
480,siwa oasis,29.2041,25.5195,21.35,50,0,0.64,EG,1699738969
481,holualoa,19.6228,-155.9522,24.91,79,75,3.09,US,1699738970
482,nemuro,43.3236,145.575,1.79,69,3,6.93,JP,1699738599
483,port douglas,-16.4833,145.4667,24.9,67,46,4.91,AU,1699738970
484,sarikei,2.1167,111.5167,22.76,99,72,0.62,MY,1699738971
485,sokoni,-6.4333,39.55,26.73,83,93,5.87,TZ,1699738854
486,mount isa,-20.7333,139.5,23.87,83,12,0.0,AU,1699738710
487,chivhu,-19.0211,30.8922,17.62,49,69,3.06,ZW,1699738972
488,gurlan,41.8447,60.3919,4.04,55,0,2.9,UZ,1699738972
489,nanpara,27.8667,81.5,17.19,65,0,3.0,IN,1699738973
490,la sarre,48.8002,-79.1996,-4.1,89,100,1.22,CA,1699738617
491,altai,46.3722,96.2583,-9.66,59,100,1.38,MN,1699738563
492,san felipe,10.3399,-68.7425,25.36,92,99,1.07,VE,1699738973
493,ulladulla,-35.35,150.4667,18.93,64,88,1.71,AU,1699738615
494,guerrero negro,27.9769,-114.0611,24.79,23,0,4.3,MX,1699738570
495,camargo,27.6667,-105.1667,18.87,61,92,2.87,MX,1699738974
496,noumea,-22.2763,166.4572,25.99,99,22,7.79,NC,1699738936
497,gurupi,-11.7292,-49.0686,30.18,40,73,3.0,BR,1699738974
498,hithadhoo,-0.6,73.0833,27.21,82,60,5.06,MV,1699738425
499,lincoln city,44.9582,-124.0179,13.91,93,100,4.92,US,1699738975
500,kerouane,9.2667,-9.0167,25.08,71,89,0.44,GN,1699738975
501,marco,25.9726,-81.729,30.01,84,100,0.0,US,1699738975
502,kailua-kona,19.6406,-155.9956,26.98,79,75,3.09,US,1699738491
503,marly,50.3456,3.5496,5.56,91,36,2.4,FR,1699738975
504,nurota,40.5614,65.6886,5.78,59,0,1.45,UZ,1699738976
505,baruun-urt,46.6806,113.2792,-18.1,89,13,2.52,MN,1699738723
506,gobabis,-22.45,18.9667,24.07,40,100,4.78,NA,1699738976
507,santa marta,11.2408,-74.199,33.03,62,20,5.14,CO,1699738976
508,currambine,-31.7331,115.7477,15.89,84,100,7.99,AU,1699738977
509,jiaojiang,28.6803,121.4428,15.0,92,100,3.31,CN,1699738977
510,mount gambier,-37.8333,140.7667,13.22,57,7,3.87,AU,1699738471
511,simplicio mendes,-7.8539,-41.9103,29.6,19,17,2.71,BR,1699738977
512,"laikit, laikit ii (dimembe)",1.4792,124.9735,22.47,94,20,0.51,ID,1699738977
513,ust'-ilimsk,58.0006,102.6619,-14.2,95,14,1.34,RU,1699738977
514,uliastay,47.7417,96.8444,-12.91,59,100,2.89,MN,1699738978
515,chiang klang,19.2938,100.8617,22.68,91,88,0.63,TH,1699738978
516,la ronge,55.1001,-105.2842,2.14,69,75,7.2,CA,1699738563
517,funafuti,-8.5243,179.1942,31.0,89,75,2.57,TV,1699738978
518,ouddorp,51.8117,3.9347,9.43,86,98,5.01,NL,1699738978
519,salalah,17.0151,54.0924,27.05,68,100,1.08,OM,1699738978
520,acworth,34.0659,-84.6769,11.88,88,100,3.09,US,1699738979
521,barmer,25.75,71.3833,20.82,37,0,2.61,IN,1699738979
522,roleystone,-32.1167,116.0667,14.73,71,100,4.63,AU,1699738979
523,sept-iles,50.2001,-66.3821,0.0,77,40,2.57,CA,1699738742
524,goba,7.0167,39.9833,10.3,94,99,0.54,ET,1699738979
525,mokwa,9.2833,5.05,28.06,42,79,0.87,NG,1699738979
526,sola,-13.8833,167.55,25.37,94,100,6.69,VU,1699738548
527,reggane,26.7158,0.1714,24.72,22,0,5.22,DZ,1699738980
528,nema,57.5067,50.5011,-0.03,76,98,2.32,RU,1699738980
529,koryazhma,61.3143,47.1691,-0.05,96,100,2.29,RU,1699738980
530,gadzhiyevo,69.2551,33.3362,-5.95,94,94,2.66,RU,1699738446
531,kharp,66.8014,65.8081,-7.25,95,74,2.09,RU,1699738980
532,wayne,42.2506,-83.2833,9.03,54,75,3.09,US,1699738980
533,st. john's,47.5649,-52.7093,3.32,93,100,8.75,CA,1699738413
534,taesal-li,36.9714,126.4542,5.66,61,100,9.11,KR,1699738981
535,hirara,24.8,125.2833,22.92,94,100,9.77,JP,1699738981
536,mandera,3.9366,41.867,25.76,79,99,3.88,KE,1699738981
537,woodward,36.4337,-99.3904,16.57,49,0,4.63,US,1699738981
538,faulquemont,49.0471,6.6031,5.73,96,28,2.72,FR,1699738982
539,vila velha,-20.3297,-40.2925,26.97,86,0,4.63,BR,1699738392
540,pingnan,23.5543,110.3976,18.06,86,100,3.27,CN,1699738982
541,dhidhdhoo,6.8833,73.1,27.68,77,100,3.07,MV,1699738982
542,ganshui,28.7422,106.7111,15.74,86,95,2.3,CN,1699738982
543,zaragoza,41.6561,-0.8773,19.71,56,82,8.75,ES,1699738983
544,xiongzhou,25.1167,114.3,15.8,85,91,2.18,CN,1699738983
545,salaqi,40.5414,110.5108,-6.75,26,0,3.65,CN,1699738983
546,larkird,35.4894,66.6641,7.79,54,54,0.96,AF,1699738983
547,al ghayzah,16.2079,52.176,27.43,68,100,3.32,YE,1699738795
548,broome,42.2506,-75.833,5.39,75,100,4.12,US,1699738705
549,bayganin,48.6947,55.8742,3.29,77,72,5.28,KZ,1699738984
550,sieradz,51.5958,18.7302,3.6,100,100,2.76,PL,1699738984
551,montevideo,-34.8335,-56.1674,24.01,60,20,3.6,UY,1699738984
552,la paz,-16.5,-68.15,10.99,70,75,6.17,BO,1699738984
553,nyrob,60.733,56.7202,-1.62,96,52,1.51,RU,1699738985
554,wailea,19.8858,-155.123,26.83,81,100,3.6,US,1699738985
